time,id,ticker,side,status,spot,val,pnl,stock_move,prob,spy,vix
2026-10-08T15:55-04:00,MSTR:CALL:2026-10-09:175,MSTR,CALL,stopped,151.48,0.015,-0.991,-0.0711,0.0,773.3,15.6
2026-10-08T15:55-04:00,TSLA:CALL:2026-10-09:395,TSLA,CALL,stopped,375.17,0.045,-0.972,-0.0065,0.0,773.3,15.6
2026-10-08T15:55-04:00,AVGO:CALL:2026-10-09:390,AVGO,CALL,stopped,359.17,0.015,-0.991,-0.049,0.0,773.3,15.6
2026-10-08T15:55-04:00,NVDA:CALL:2026-10-12:240,NVDA,CALL,stopped,230.38,0.245,-0.87,-0.0319,0.031,773.3,15.6
2026-10-08T15:55-04:00,AAPL:CALL:2026-10-12:340,AAPL,CALL,tp,340.17,3.325,0.922,0.0142,0.42,773.3,15.6
2026-10-08T15:55-04:00,AVGO:CALL:2026-10-09:380,AVGO,CALL,stopped,359.17,0.055,-0.971,-0.0412,0.001,773.3,15.6
2026-10-08T15:55-04:00,AMZN:CALL:2026-10-09:260,AMZN,CALL,stopped,254.17,0.315,-0.841,-0.019,0.016,773.3,15.6
2026-10-08T15:55-04:00,WMT:CALL:2026-10-16:110,WMT,CALL,tp,110.59,2.07,0.605,0.0067,0.436,773.3,15.6
2026-10-08T15:55-04:00,PLTR:CALL:2026-10-16:212.5,PLTR,CALL,stopped,198.81,0.935,-0.472,-0.0112,0.1,773.3,15.6
2026-10-08T15:55-04:00,XOM:CALL:2026-10-16:172.5,XOM,CALL,open,168.44,1.295,0.036,-0.0023,0.223,773.3,15.6
2026-10-08T15:55-04:00,DIS:CALL:2026-10-16:107,DIS,CALL,open,106.86,1.4,-0.014,0.0016,0.338,773.3,15.6
2026-10-08T15:55-04:00,V:CALL:2026-10-16:385,V,CALL,open,375.51,1.625,-0.175,-0.0074,0.18,773.3,15.6
