time,ticker,side,exp,strike,price,strength,result,pnl,rule,rule_pnl,peak
2026-10-05T10:40-04:00,MSFT,CALL,2026-10-07,535.0,1.71,8.8,,,stop,-68,0
2026-10-05T10:40-04:00,NVDA,CALL,2026-10-07,237.5,1.99,8.6,,,stop,-80,30
2026-10-05T10:40-04:00,MSTR,CALL,2026-10-09,175.0,1.65,7.9,,,,,
2026-10-05T11:39-04:00,TSLA,CALL,2026-10-09,395.0,1.62,8.2,,,,,
2026-10-06T10:36-04:00,NVDA,CALL,2026-10-07,242.5,1.5,9.4,,,stop,-60,0
2026-10-06T10:36-04:00,MSFT,CALL,2026-10-07,540.0,1.71,8.7,,,stop,-68,0
2026-10-06T13:11-04:00,AVGO,CALL,2026-10-09,390.0,1.68,8.9,,,,,
2026-10-06T15:11-04:00,TSLA,CALL,2026-10-07,382.5,2.0,9.1,,,stop,-80,10
2026-10-07T10:38-04:00,NVDA,CALL,2026-10-12,240.0,1.89,8.0,,,,,
2026-10-07T10:38-04:00,AAPL,CALL,2026-10-12,340.0,1.73,7.8,,,,,
2026-10-07T11:44-04:00,AVGO,CALL,2026-10-09,380.0,1.92,8.6,,,,,
2026-10-07T13:19-04:00,AMZN,CALL,2026-10-09,260.0,1.98,8.6,,,,,
